sample,dim_0,dim_1,dim_2,dim_3,dim_4,dim_5,dim_6,dim_7,dim_8,dim_9,dim_10,dim_11,dim_12,dim_13,dim_14,dim_15,dim_16,dim_17,dim_18,dim_19,dim_20,dim_21,dim_22,dim_23,dim_24,dim_25,dim_26,dim_27,dim_28,dim_29,dim_30,dim_31,dim_32,dim_33,dim_34,dim_35,dim_36,dim_37,dim_38,dim_39,dim_40,dim_41,dim_42,dim_43,dim_44,dim_45,dim_46,dim_47,dim_48,dim_49,dim_50,dim_51,dim_52,dim_53,dim_54,dim_55,dim_56,dim_57,dim_58,dim_59,dim_60,dim_61,dim_62,dim_63
0,0.049663376,0.036984704,0.009477698,0.00082152896,-0.055584982,-0.038670436,-0.00028181914,-0.030768897,0.016647343,0.009970411,-0.010687608,0.034158997,0.07393075,-0.01968998,0.01937992,0.010836966,0.03563906,0.044695742,-0.028196847,0.027624171,0.028083403,-0.024778198,-0.09467356,-0.04475156,-0.0199862,0.014588112,0.032472137,0.09924085,-0.01769881,-0.013700092,0.035373025,0.028680515,-0.05963305,0.08652401,-0.0057956297,0.009114541,-0.009625204,0.040748574,-0.03977086,-0.0022177594,0.0030975575,-0.02134139,0.06612955,0.114377886,0.07990324,-0.0014464436,-0.06364689,0.0005741168,-0.04609018,0.0023417245,0.027255327,-0.019227771,0.040176336,-0.010679739,0.010544186,-0.0076596704,0.0130333435,-0.019188002,-0.07634656,-0.03727467,-0.044120353,-0.012566645,-0.053341202,0.049006455
1,0.052783296,-0.003944436,0.043606278,-0.033991836,-0.034261625,-0.059427842,0.08226707,-0.027212689,0.07358217,-0.08145007,0.05920292,-0.004881835,-0.04319054,0.028673545,-0.030983128,-0.0001045838,0.07914727,-0.03298681,-0.0010941252,0.034190487,-0.08071814,-0.008324718,-0.048322253,-0.014415804,-0.009208544,0.032118812,0.048231557,0.06845234,0.047131643,-0.11442411,0.036246907,-0.026551928,-0.00803351,0.0043128883,0.0038491944,-0.039422985,-0.0322569,0.017039843,-0.08198759,-0.019620717,-0.04365795,-0.022266211,-0.036438778,0.0023733107,0.06543401,0.0048742443,0.016326476,0.043174587,0.029104676,0.058190893,-0.007702208,0.035175733,0.006606216,0.049776584,-0.0037250593,-0.106055565,0.063175626,0.061193965,0.117651105,-0.0058138017,0.035265144,-0.076752335,-0.066524304,0.012210367
2,0.0054151407,-0.026067609,0.03426484,-0.02882679,-0.07107802,-0.036988523,-0.018987037,-0.056911685,0.054051798,0.00067560934,0.051473156,-0.028951818,0.042934217,0.010436472,-0.024126902,-0.048485853,0.014497316,-0.056391567,-0.025357071,-0.034845352,0.00027321605,0.00011529215,-0.08015245,-0.06000956,-0.018202776,0.06610742,-0.01930026,0.01471061,0.009593324,-0.0017405273,0.014719772,0.030392362,0.011064583,-0.015757341,0.053935762,0.008871097,-0.053977836,0.06956068,-0.022050638,0.0067683775,-0.0043474548,0.0625726,0.024517052,0.08188946,-0.090327755,-0.0021469598,0.0154280085,0.032176353,0.0021565543,-0.029594213,0.06934281,0.03364685,0.032565545,0.071691945,-0.05693874,-0.012994474,0.028864183,0.036791384,0.0070434306,-0.033637047,-0.012346321,0.07162321,-0.050796658,0.0026169438
3,-0.104653105,-0.022583624,-0.08754516,0.032830477,0.039890103,0.040536694,0.05244035,-0.043045796,0.07285012,-0.029569563,-0.009892692,0.02152293,0.0072220117,0.06300463,0.027309515,-0.015549958,0.11499102,-0.08705252,-0.076320134,-0.005610972,-0.031490613,-0.050047703,-0.09818789,-0.05065469,-0.012664253,-0.009430783,-0.030243464,0.07280715,0.08657636,0.023949582,-0.08868824,0.120189734,-0.0107933935,-0.0051888525,0.029235397,-0.03188162,-0.030154772,0.028517947,-0.18885827,-0.03403563,0.058524042,0.06909944,0.020865707,-0.0038250834,0.0076749977,0.04087478,-0.0070651476,-0.019792635,0.0744281,0.1417684,0.009627014,0.025361609,-0.00031958986,0.06587577,-0.0027074865,0.0019271602,0.0144386515,-0.017172046,-0.05959718,0.021205645,0.00080232136,0.0042754565,0.042121246,0.003991165
4,-0.015735593,0.04409701,-0.05134473,0.010831185,-0.04547759,-0.021686204,0.0541173,-0.041019946,0.011872482,-0.2198095,-0.046549827,0.039630108,-0.049260277,-0.04046821,-0.016225472,-0.02784413,0.065752305,-0.07404468,-0.03991621,0.047975883,0.06505685,-0.061818644,-0.059948146,-0.180781,-0.07035626,0.028857546,-0.007246174,-0.07109855,0.010244569,-0.032768764,-0.08467137,-0.018426035,-0.010405514,-0.024000749,0.0010723397,-0.077576086,-0.0023399564,0.079838455,0.05397927,-0.027716177,-0.078234226,0.07335364,-0.111956194,0.00960629,-0.019028816,0.020636633,0.008066681,0.10358031,0.071208395,0.03850627,-0.0019391915,0.01123853,-0.06787969,-0.13285516,0.060749933,-0.12934954,0.0705657,-0.0044976375,0.11220377,-0.0033402266,0.016569369,-0.026894202,-0.0067232745,0.06899819
5,-0.038220648,0.0637805,0.04428114,3.6786543e-05,0.01957329,-0.053942192,0.08774507,0.0019367952,-0.00041814242,-0.09914848,0.036636926,0.0112678865,0.076628216,-0.007216326,-0.04816022,0.030617429,-0.0152512435,0.0054967403,-0.08673981,-0.04613544,0.008063869,0.021726344,-0.058746554,-0.11616838,-0.02222243,0.12550431,0.02643238,0.030165222,0.012252944,0.081393935,-0.06867516,0.02583056,-0.028316401,0.05489292,0.06078097,-0.0008632275,-0.01277206,0.024326704,-0.009351838,-0.044731755,0.05259613,0.06095934,0.026655596,0.016570546,-0.07463478,-0.025722532,0.019849982,-0.023660507,0.03162568,-0.03921823,-0.0028151106,0.028070584,-0.050704677,-0.048718188,0.0059291665,-0.0081619285,-0.026941644,-0.026274765,0.080243185,0.007922844,0.02876594,0.05183945,-0.040926486,0.04682156
6,-0.0038994737,0.075940534,0.0050936504,0.021391254,-0.09595758,0.022974912,0.02703071,0.046144724,-0.056501586,0.017269302,-0.019228097,0.0075308383,0.063977405,0.01928859,-0.01663799,-0.008783659,0.021631837,0.02840937,-0.0111698285,-0.029269215,0.07300721,-0.054622177,-0.05770365,-0.1502356,-0.067901686,0.085600525,0.0034462847,-0.10518467,-0.03832185,0.057005495,-0.038336232,0.023334417,0.067151666,-0.028265093,0.07626442,0.014517695,-0.028379384,0.005418721,0.12784125,-0.0032598046,0.02190299,0.07478787,-0.05902095,0.03101872,-0.030959038,0.026904441,-0.042300247,0.045457844,-0.006216416,-0.041630596,0.03948609,0.05929559,-0.14545065,-0.06331608,0.063172065,-0.048504442,-0.030434921,0.011724663,-0.048923053,-0.00031925552,0.023120955,-0.00020426419,0.030740049,0.0006591007
7,-0.06560786,-0.097248666,0.034766093,0.013869146,0.060163155,0.028768452,0.07968415,0.07745691,0.07164058,-0.031567656,0.0059204926,0.009710835,0.08927727,0.0050292723,0.037965942,-0.010759766,-0.039496385,-0.04969594,-0.067213446,-0.035123702,-0.02531495,-0.090207286,-0.084246166,-0.10080944,-0.025367022,0.07842397,-0.011768311,0.02990321,0.011200076,-0.0066213617,-0.048553366,0.021751013,0.025350744,0.0070475778,-0.03898128,0.016497763,-0.008900287,0.02138381,-0.08168689,0.007903166,0.021014389,0.0787857,0.020098466,0.071697414,-0.05340987,-0.011922328,-0.013070929,-0.0372354,0.0108438935,0.06665013,0.03178778,0.01300633,-0.015254009,0.03151292,-0.023224296,0.0068334844,0.034621984,0.018436434,-0.03234573,0.041241698,0.012639473,0.023917262,0.03530132,0.070246115
8,-0.027761752,-0.005012268,0.014482254,-0.013214357,-0.049287308,0.024695285,0.065580525,-0.05513039,-0.032175567,-0.0123598315,0.030450609,-0.027506778,0.06756989,0.010322332,0.10398836,0.018826924,0.004179176,-0.029892037,0.0012745243,0.009830476,0.056030385,-0.08993308,-0.121889666,-0.19204111,-0.06580343,0.09071133,0.08931027,0.0012733554,-0.022274693,0.009629093,-0.06407313,0.055746496,0.01789646,-0.0028003808,-0.0115392795,-0.015807027,-0.018921226,0.035577945,-0.037504893,-0.042559244,-0.047614362,0.01685182,0.038939305,0.06395986,-0.0694445,-0.0023452519,0.0799081,0.014941881,-0.049511127,0.004850665,0.026537124,0.040327653,-0.0034686755,0.048256394,0.017603416,0.007982969,0.05541689,0.04033388,-0.017442241,-0.004938525,0.041457172,-0.026712392,-0.005441663,0.0043933615
9,0.045021765,0.032769006,-0.016031899,-0.03374992,0.0017063394,-0.016527519,0.012721876,-0.06520698,0.014495793,-0.035717495,0.009181716,0.033156157,0.06812875,0.036544774,-0.054467708,0.00028612604,-0.009885203,-0.008634863,-0.054806013,-0.011681001,0.027151916,0.073707744,-0.12809426,-0.09386805,-0.07062399,0.034235276,0.03448674,0.08316147,0.0677871,0.027692143,0.019002844,0.0802201,-0.042992312,0.04712659,0.08440605,0.03126518,0.007905379,0.03590625,-0.058407955,-0.022658851,0.07160404,0.031308472,0.060479492,0.06525782,0.008178211,-0.009961223,0.024031173,0.036104675,0.008825385,-0.0205223,-0.021776894,0.020699695,-0.038109407,0.066727236,0.012484755,-0.021650795,0.011104751,-0.015921032,0.05205697,0.0044359127,-0.024610594,0.005957674,0.0294132,0.070560314
10,0.031255294,0.006031044,0.002887467,0.016064283,-0.037475158,0.049908534,0.026367627,0.10008993,0.04202166,0.025386069,0.0083844885,0.05593809,-0.042840365,0.022499539,-0.016311277,0.001597651,0.0024441704,0.019796459,-0.013220228,0.020914411,-0.02480215,-0.056178015,-0.114081785,-0.07536453,-0.0016591433,-0.041607738,-0.024976294,0.07419272,0.035795964,-0.02377959,-0.053543687,0.05950442,-0.07842459,0.0123420255,-0.020962777,0.052165054,-0.0023132348,-0.0074234228,0.017683987,-0.07334291,0.030114809,0.030362839,0.0043291906,0.053195633,0.08297988,0.04030792,-0.06506364,-0.033612132,0.029131755,0.04652311,-0.031469643,-0.06731858,0.005995238,0.036811177,0.101901665,0.014896397,0.048323672,0.060391203,-0.022368778,-0.057211593,0.08408585,-0.0067971665,0.021912625,-0.013308015
11,0.0124232955,0.040960774,-0.053250827,0.012874839,0.014201876,-0.030364696,0.00668451,-0.059748076,-0.0044202376,-0.15303995,0.058436975,0.019755686,-0.005000929,-0.00952184,0.043109186,-0.016603855,0.043549262,-0.025377514,-0.08384914,0.013841794,0.03584355,0.02423456,-0.07423151,-0.118377626,0.015930433,0.033174165,0.06817886,0.10914387,0.020628834,0.021559106,0.012057465,0.067054376,-0.04094048,0.030304436,0.06327992,-0.052978188,0.01516947,0.043015055,-0.10933458,-0.06823709,0.009661441,0.024433063,0.040270813,0.01139435,0.054146275,-0.03687797,0.030205276,0.0371188,0.008542118,0.07488034,-0.025246315,-0.010331845,0.021712948,-0.023482712,-0.0028835768,-0.00089692324,0.04316484,-0.033685453,0.0059088394,0.008449761,-0.018474903,-0.024088021,0.017784096,0.06569308
12,-0.028577853,-0.060133096,0.0019345134,0.062352873,0.04372286,-0.06426206,0.06608675,-0.023877135,-0.023322852,-0.0755513,0.11417478,-0.0040779132,-0.036114078,0.032088637,0.06581174,0.026746133,-0.021514628,-0.06841418,-0.0016347929,-0.037510313,0.05877299,-0.08861538,-0.024096416,-0.12347386,-0.027575789,0.01333357,0.046006188,0.043930493,0.07281434,0.07707302,-0.042237025,0.065460786,0.037716303,0.068491295,0.034718312,-0.021339362,-0.016530612,0.018864926,-0.046593077,-0.091378465,0.031352673,0.07365005,0.027291995,0.069090694,-0.035922498,0.000104453415,0.03243262,0.026579969,0.035354074,0.026011433,-0.01010691,0.045092016,-0.04322592,0.0008733887,0.094344676,0.014318468,-0.0023011747,0.023084044,0.019044371,0.027605385,0.09790815,-0.019508861,0.030597765,0.008758802
13,-0.0059620994,-0.03570253,-0.019994397,0.03800016,0.015616,-0.12630771,-0.005241909,-0.041140698,-0.01945001,-0.045539785,0.07388766,0.019380782,-0.04196804,-0.011748202,0.033843547,-0.014899798,0.055171788,0.07997206,-0.035305932,0.10020237,-0.023502432,-0.047729686,-0.08162868,-0.095055684,0.018471941,-0.024254316,0.01632479,0.06541146,0.05720913,-0.012199884,-0.013650728,-0.019134019,0.0025877524,-0.002702782,0.042986862,-0.0031908127,0.028257336,0.007601064,-0.057376105,-0.05510114,-0.04243342,0.065294474,0.019958511,0.0796421,0.021870796,0.032644894,0.045029562,0.08060674,0.021011265,-0.013369584,-0.012014743,-0.047787905,0.02628046,0.056985278,-0.026216883,-0.05027215,0.018886795,0.076936975,0.016309775,0.025275815,0.03823068,-0.011613387,-0.04083497,0.036979705
14,0.08301286,-0.01580811,-0.0112720765,0.021754589,-0.0002836138,-0.06288011,0.053377856,-0.016758211,0.0946188,0.0059122904,0.03517897,-0.0077920333,-0.0794151,-0.031980537,0.042425904,-0.00096120033,0.042251095,-0.023812165,-0.00048780255,-0.009784098,0.009606725,-0.11881036,-0.16251934,-0.08860332,0.04428239,-0.029887818,0.050427675,0.0057138996,-0.037601955,0.041519668,-0.0773104,0.067498595,0.010647308,0.015186286,0.00019116816,-0.09203073,-0.075939044,0.012644237,-0.089729816,0.00011106208,-0.06699853,0.026632559,0.024367403,0.06636526,-0.06926429,0.014786782,0.02792726,0.013739431,0.011098394,0.09513644,0.04033692,-0.102004215,-0.053058784,-0.0012263553,0.095927045,0.049875267,0.058445107,0.047891,-0.04270762,-0.044464327,-0.015351971,-0.043033928,-0.0027566059,0.03346116
15,0.014684098,-0.020221464,0.04101954,0.024960715,0.0040162187,0.035346255,0.08824629,0.009804966,0.020728655,-0.020823877,-0.045586403,0.012423071,0.0938882,-0.030209266,0.004798886,0.0052282475,-0.025883194,-0.047611594,-0.07580918,-0.03548777,0.01922708,-0.014104266,-0.03990632,-0.017530564,-0.002039915,0.040288333,0.049766265,0.06918234,0.011382237,0.019129451,0.0061685275,0.10524856,0.03377393,0.049807034,-0.044994198,-0.044005916,0.052783974,-0.021261074,-0.11436756,0.010873824,0.07986109,0.04795369,0.11228146,0.02129979,0.06981884,0.04368004,0.030448275,-0.0386821,-0.044142984,0.098519124,0.029456805,0.014920833,-0.00622431,-0.008569904,-0.014500493,0.07317913,0.05115164,-0.025916215,-0.0218489,0.073968716,0.04101869,-0.07094227,0.042472642,0.1208832
16,-0.058746174,-0.04561139,0.00341179,-0.014162775,0.0034440998,-0.03495664,0.048635773,-0.069381796,-0.015406899,-0.09171537,-0.0037283176,-0.039564233,0.05000062,0.013784246,-0.0044161966,-0.02355772,0.015670933,-0.023521012,-0.036458973,-0.06162242,0.01782031,0.021589499,-0.063499756,-0.040469494,-0.019358363,0.027523842,0.0018112957,-0.012883789,0.041217063,0.049706154,-0.039018713,0.111796886,0.017243441,0.00049562287,-0.0002054018,-0.044531275,0.008048024,0.042864352,-0.083172984,0.018431198,0.02477593,-0.0011656741,0.021633254,0.058262654,-0.03737967,-0.015852962,0.029158317,0.039533887,-0.032052517,0.020007782,-0.02907253,0.07598164,-0.027745826,0.027066007,-0.009211761,-0.026045162,0.0054049245,-0.020414812,0.009673939,0.03141019,-0.0067914175,0.005226734,-0.00079251546,0.048836354
17,0.028352033,-0.04625661,0.011683385,-0.0034648094,-0.055528134,-0.033689283,0.08664922,-0.12185262,0.008961144,0.023379525,0.014335623,0.07342909,-0.023189932,-0.013557807,0.030250348,0.030858789,0.0010712575,-0.032947313,0.0054877666,-0.004132185,-0.025256636,-0.07464656,-0.019679924,-0.055658136,-0.019494303,-0.030402698,0.040181715,0.053483516,0.047304034,-0.024823498,0.01583922,0.06815657,-0.005536629,0.036648016,-0.018254261,-0.014104827,-0.02403035,0.052467503,-0.043113623,-0.045945473,-0.067109026,0.0020116284,0.024588421,0.018019844,0.024258845,0.0032979315,0.01239541,0.05806857,-0.028967664,0.030418402,0.033953726,0.05006138,-0.0015209168,0.06008226,0.0006171018,-0.08387101,0.023885366,0.06559642,0.056444474,-0.03449393,0.07399589,-0.020073593,-0.020076849,-0.0053770384
18,0.016545389,-0.027220119,0.029426022,0.0010381915,-0.10794925,-0.04512446,0.00060978346,0.0030006901,0.01951185,-0.02982503,0.047471967,0.01844333,-0.0007562204,0.03643405,-0.0037284493,-0.008050324,0.04401543,-0.02115854,-0.042583443,-0.026517414,0.02709732,-0.05217722,-0.052332997,-0.10390919,-0.047717366,0.07682269,0.040804565,-0.04216009,-0.011496671,0.022532022,0.040631928,-0.026476957,-0.024752181,0.042584278,0.035421684,0.034939256,0.0023827534,-0.014189174,0.053242628,-0.014007721,-0.00041496754,0.08176838,-0.0075894026,0.049680404,0.0069838623,-0.05720229,-0.031795777,0.04485569,0.040111586,-0.011297714,0.0025630915,-0.0004866086,-0.008282057,-0.02083404,0.017177297,-0.037095394,-0.037056547,0.049804583,0.038211867,0.0029416273,0.0539983,0.03705626,0.027394721,0.026973266
19,-0.018582698,0.048563633,0.065254025,-0.05033039,-0.038863674,-0.1093065,0.0903635,0.015498945,-0.03719718,0.037493736,0.04810906,-0.015599287,-0.0080917645,0.019788869,-0.013696769,0.0073050214,-0.011657177,-0.03233534,0.0048760995,-0.035905905,0.01937931,-0.13974473,-0.11363925,-0.12125099,-0.0047079874,-0.020250812,-0.0021638256,0.012600875,0.03564354,0.009659544,-0.056581356,0.10414164,-0.047710914,0.06446119,0.028257314,-0.049745698,-0.037272852,0.032968894,-0.010991917,-0.08233991,0.0267018,0.0064697503,0.081071146,0.059030816,-0.027882464,0.034264408,-0.0005634229,0.04226794,-0.04440514,-0.0094938865,-0.009059468,0.013375342,-0.040210813,-0.027008738,0.06537231,-0.103321,-0.041946054,0.0009905966,0.029224638,-0.03236843,0.10297993,-0.030391831,-0.05285393,-0.041808214
20,0.050714225,0.10716021,-0.055992045,0.055165127,0.003989489,0.027497742,-0.012576005,-0.042130828,0.007472287,-0.11489788,-0.011643996,0.053212103,0.071093276,0.03391882,0.052885655,0.025026208,0.09196614,-0.034267828,-0.065316595,-0.026253516,0.057347313,0.026263338,-0.1272302,-0.098478556,-0.032494485,0.03650752,0.11692883,0.092456274,-0.0056715338,0.062214594,-0.005065943,0.049824625,0.02738564,-0.005967803,0.115811944,0.04858146,-0.0056177974,0.0065072775,-0.12634489,-0.053640172,0.015001534,0.026164794,-0.016698085,0.016112518,0.04059734,-0.014287371,-0.094834566,0.043739256,0.0920581,0.03420337,0.020835191,-0.024819173,-0.03100963,-0.05417448,-0.017876294,-0.035431515,0.033378545,-0.068429105,-0.009828769,0.011828481,-0.07312356,-0.035825595,0.011444138,0.097430736
21,-0.024779206,-0.016074799,0.011147516,0.031064123,-0.0152558405,-0.00092719495,0.03026288,0.002143051,0.07217395,-0.010682898,0.06141828,0.022880148,0.0087947,0.05037277,-0.018350018,0.06743958,0.0133916885,-0.09283711,-0.010796823,-0.056019377,-0.015901301,-0.008712109,-0.10782839,-0.027885687,0.0042810086,-0.06929975,-0.030002287,0.0044050626,0.057927333,0.06910111,-0.019440666,0.16887365,0.025424317,0.00303048,0.043401428,0.007434569,-0.073391095,0.016704163,-0.095418945,-0.09113643,0.074666746,0.015758183,-0.035687767,0.020627396,-0.054821286,-0.0029954333,0.018200904,0.07815906,0.049325522,0.053209,0.017539145,0.062612295,-0.002252099,0.05737629,0.020296609,0.0035731457,0.07656197,0.060997915,0.006006515,-0.053295035,0.0151652135,0.025126033,0.027851023,-0.03776868
22,0.02582388,0.054262377,-0.020633772,-0.015155943,-0.06731965,-0.014502042,0.02179565,-0.041187197,0.044504352,0.0058507267,0.11964681,-0.009267136,0.03919171,0.028737009,-0.070868924,-0.03115751,-0.057660695,-0.021312822,-0.045346588,-0.030148415,0.02246122,-0.025628652,-0.088894166,-0.09425346,-0.04032682,0.045153957,-0.02502546,-0.011955894,0.10000576,0.10553856,0.018813888,0.016642878,0.0420993,0.013801422,0.087985784,0.039157152,0.015605904,-0.017799076,0.05313526,-0.05623672,0.0021371432,0.095836446,-0.07329977,0.04723757,-0.025411962,-0.0019550305,-0.021274474,0.047749862,0.027222037,-0.009641606,-0.024886962,0.07895894,-0.047361217,-0.026883919,0.076668784,-0.08340992,-0.015026497,0.015842328,0.032754913,-0.011358406,0.033705715,-0.0032101404,0.063715994,-0.024826547
23,0.0049627717,0.0022061337,0.023447424,-0.022993675,-0.011768084,-0.065168254,0.01933255,-0.0058989963,-0.034548726,-0.06069322,0.01825168,0.012842726,-0.038754452,0.018055093,0.034796238,-0.03174607,-0.016911292,-0.033297613,-0.007938717,-0.038173597,0.05738925,-0.13846451,-0.024331836,-0.13964109,0.06234371,-0.004417537,0.016733997,0.003497391,0.03497747,0.07851532,0.01942438,0.1190755,-0.02180013,0.01931566,0.036993366,-0.005148698,-0.030620832,0.04025177,-0.03484305,-0.06920836,-0.016079895,0.02622598,-0.020182466,0.042974755,0.018438477,-0.006402393,0.0037611471,0.03202737,0.008966916,0.03255181,0.0024711695,-0.0006006891,0.0071442826,-0.027760351,-0.004141286,-0.04614048,0.0014983257,0.03665123,0.058849603,0.009290802,0.08510214,0.03227146,0.032216378,0.0011907853
24,-0.015497301,-0.012646632,-0.025829922,-0.0054993876,-0.004130544,0.011200471,0.063784644,0.039400864,0.059426937,-0.026191834,0.06746839,0.01451827,0.06812564,0.0031702532,-0.015171634,0.039310303,0.026834179,-0.042712618,-0.07122381,-0.03974732,0.0017382244,0.013337118,-0.103921965,-0.07228475,-0.023633093,0.04105105,-0.05421583,0.014614146,0.046478804,0.053849235,-0.07641663,0.03622083,-0.0023626555,0.060109887,-0.013868988,-0.047563784,0.010859232,0.067458406,-0.13257362,-0.007859302,0.035423256,0.048669364,-0.023448106,0.102192715,-0.0057311864,-0.009567227,0.013914673,-0.011512334,0.11939607,-0.00071544945,-0.0065603033,0.03494094,0.027791206,0.05985708,0.002369701,-0.020897858,0.048978135,0.07868199,-0.038606457,0.00038154982,0.025745768,-0.019179184,0.0045410567,0.02791864
25,-0.010288581,-0.030699622,0.008246585,-0.001629672,-0.03764772,-0.029000241,0.048924327,0.010182681,0.030837324,0.009492236,0.025776178,-0.035336588,0.04374648,0.015453991,0.048519254,0.02006185,0.02684013,0.029391699,-0.01074899,-0.05374016,0.0153928045,-0.11979863,-0.13248165,-0.099835336,-0.026184073,0.06462909,-0.023542978,-0.01918599,-0.054001134,0.09846249,-0.03211391,0.14024709,-0.03345173,0.048098575,-0.02256833,0.004809187,-0.05337289,0.06341761,-0.11940913,-0.043776818,0.043096397,0.030398548,-0.011093611,0.066508204,-0.06866981,0.0076974537,0.029345626,0.047508214,0.03299686,0.060692202,0.04381208,0.0062296027,0.04620681,0.0060940776,-0.03660188,-0.01706523,-0.025454966,0.031989813,0.020163845,-0.016115226,0.06210844,0.022264324,0.05269984,0.050529175
26,0.0008742735,0.04653763,0.0318133,0.013771933,-0.058642205,0.030723331,0.019907098,0.060782593,0.033430558,0.0021175537,0.09767839,0.004143888,-0.021322474,-0.028118137,0.007980726,-0.029896978,-0.021236803,-0.013575564,-0.04161688,0.007832856,-0.06148435,-0.01811935,-0.05336068,-0.0650433,0.032736905,0.009940102,-0.009129217,-0.0051098643,-0.0029757842,0.04027646,-0.0504626,-0.007258356,-0.05119542,-0.022824518,0.084687814,-0.024890658,-0.052403755,0.06589371,-0.0008288962,-0.05023607,0.02812708,0.0076293815,-0.00066789216,0.06684095,-0.071837366,-0.011284888,-0.021783216,0.015054121,-0.00658443,0.016909031,0.009783577,0.011826335,-0.018351674,-0.0062175784,-0.0086571425,-0.0045781815,0.0352201,0.01779317,-0.006202823,-0.056468707,-0.0057653263,0.0026003858,-0.030127505,-0.02589609
27,0.07315417,0.04201193,-0.031321306,-0.038706716,-0.029543888,-0.014718955,0.06869629,-0.05121488,0.06768971,-0.0087917745,0.017550208,0.038826756,0.07893857,0.0007742436,-0.041630656,0.038513206,-0.02609095,-0.0068866797,-0.058313414,0.029834598,0.027117921,-0.07408292,-0.12393509,-0.05133026,-0.077353716,0.10288049,0.07111585,0.07869943,0.04118584,-0.028686678,0.0455694,0.051062953,-0.016836751,0.06843697,0.046889406,-0.0095979255,0.0022809217,-0.0109485835,-0.042002175,-0.0060618995,-0.045067128,0.033683147,0.01046716,0.016257742,-0.0078319125,-0.038575392,-0.00066339923,0.03316441,0.013112646,0.03491921,0.049076494,0.056490496,0.026176091,-0.012209931,0.06405634,-0.061611194,0.011224516,0.0020312713,0.011171378,-0.08312532,-0.044713184,-0.06299621,0.024277933,0.035057366
28,-0.016692685,-0.007327281,0.02348156,0.02267653,-0.070969656,-0.04753335,0.063833125,-0.01578133,-0.021167614,0.0060714073,0.047349207,-0.031867772,-0.042356476,-0.056153174,0.04989391,0.016559463,0.092043534,0.021209091,-0.0385676,0.02250954,0.046289533,-0.054661218,-0.06325262,-0.09341343,-0.05918453,0.08278372,0.03444574,0.07863248,-0.022392781,-0.0060935607,-0.021927085,0.0066933576,-0.009389486,0.09757455,0.01088101,-0.046069346,-0.010947313,0.11963698,-0.03380808,-0.037807956,0.040079042,0.05210598,0.08427274,0.030878875,-0.048506793,-0.019934094,-0.03084096,-0.02821825,-0.011510786,-0.010897562,0.0323439,-0.0073318607,0.07233804,-0.015745923,0.058174454,-0.046222772,-0.01607282,-0.014633167,-0.04811249,-0.00029067462,0.043185785,0.009240663,-0.037362326,0.057668082
29,-0.0046398197,0.042769685,-0.05502897,0.03501999,-0.06760675,-0.055667423,0.03485703,0.0028094528,-0.01653288,0.028435394,0.04608103,0.039225824,0.0696487,0.04280218,0.0012684995,0.017176723,0.060725804,-0.01784696,0.02431515,-0.022465736,0.045117397,-0.06440408,-0.07363973,-0.10410434,-0.0728408,0.054232165,0.001059832,0.020433826,0.026050713,-0.024023075,-0.05948221,0.051262386,-0.0034837131,0.053393997,-0.002058193,-0.044481356,0.015952379,-0.011321341,0.0059822854,-0.05948386,-0.02801324,0.071306765,0.030071113,0.08014989,0.02352859,0.029528227,-0.026572958,0.040061913,0.025585555,-0.02326191,0.069707885,0.049916476,0.0061516576,0.0540868,0.034595743,-0.0029015597,-0.048321187,0.109247565,0.013338357,-0.012946102,0.09098645,0.0024141679,-0.08378514,0.060984842
30,0.026229788,0.077683374,-0.07315548,0.056219913,0.005686424,-0.035307474,0.056049846,-0.03545149,0.023401398,-0.05734805,-0.0037592165,-0.0029926822,0.10308272,0.011891033,-0.045419246,-0.025825996,0.010683818,-0.020131491,-0.0731804,-0.008761743,-0.019361565,0.004493337,-0.16121584,-0.041488953,0.024965622,-0.039355285,-0.06350779,-0.0042360877,0.048045762,0.09684021,-0.047061905,0.07482225,0.0017637634,0.03347937,0.058052532,-0.041374467,-0.0057668416,0.012088746,-0.16620731,0.041084766,-0.013784107,0.007463475,-0.064865686,0.093748085,-0.016284984,-0.0098716095,0.035716984,0.07709743,0.07706418,0.05434577,0.005659315,0.051718667,-0.01859824,0.056760967,-0.018306509,-0.046417166,0.038282685,0.05626725,-0.024103072,-0.030861905,-0.110883996,-0.069128856,0.045414478,0.04653407
31,0.06857211,0.055519804,0.0231349,-0.03243141,-0.05362998,-0.0558739,0.045010723,-0.015852906,-0.010967147,-0.038611755,0.041806817,-0.006034555,0.030469518,-0.06863596,-0.02749747,-0.0009417329,0.030807775,-0.08169289,-0.09659966,-0.044227272,0.09619702,-0.07931963,-0.04389198,-0.15562922,-0.00034704944,0.022661839,-0.027654791,0.033986356,0.05581063,0.06293503,0.08803823,0.12966625,0.007483463,0.13661703,-0.047858592,-0.04936875,-0.051694863,0.09433904,-0.04647643,-0.04793475,0.036382224,0.08247756,-0.047128897,0.10284437,0.050479874,0.018994732,0.019097133,0.032420054,0.036646802,0.038071074,0.03316122,0.058336847,-0.015948249,-0.050723717,0.05546451,-0.05343417,0.02128122,0.03775804,0.020134766,0.017944954,0.10229741,-0.008932555,0.016598765,0.07560393
32,-0.030444479,-0.006560821,-0.014852592,0.017638814,-0.057087135,0.016241558,0.06390704,-0.030453004,0.016851995,-0.026823457,-0.055580772,0.021738935,0.103865035,0.07543032,0.0345769,0.0114737265,0.034805514,-0.09051336,-0.084625356,-0.04640995,0.01874203,-0.03639649,-0.106918305,-0.051181503,-0.046546403,-0.028137974,-0.041910443,0.029151944,0.00021675602,-0.0068141697,-0.02250572,0.049009908,0.106613696,0.009539272,0.035903,0.081577435,0.005432841,0.060182698,-0.10742264,0.0032309135,0.051010057,0.031366672,0.0090264715,0.08646585,-0.021249458,0.02503174,-0.051830173,0.030062124,0.024021994,0.02280797,0.028231617,0.0061184447,-0.03220492,0.055602808,-0.041114297,-0.043844327,0.07686985,-0.0039605703,-0.019530874,0.035752494,-0.072519526,-0.023464302,-0.036059104,0.06462285
33,-0.02276175,0.05904608,-0.011934955,-0.008133853,-0.03688365,-0.038546365,0.08548353,-0.029035447,0.012220931,-0.07865976,0.014449082,0.011872007,0.08353881,-0.057632856,-0.016441174,-0.02048853,0.032193705,-0.023144381,-0.10151814,-0.048188988,0.03332605,0.041275933,-0.05703398,-0.137751,-0.0069155274,0.023104079,0.004799981,0.055764608,0.10033011,0.092448264,-0.027548691,0.13819243,-0.008808786,0.11459755,0.03459956,-0.07827351,-0.03592069,0.07174018,-0.08014817,-0.041837648,0.065560505,0.11190436,0.06994046,0.07869506,0.050326567,-0.026451744,0.03359829,0.029754918,-0.017815918,0.0528194,-0.029618628,0.054402765,-0.055420645,-0.026134294,-0.01638934,-0.004177712,-0.0374328,-0.03207803,0.094821915,0.066970214,0.048708517,0.026182713,0.0093080215,0.09133207
34,-0.035374038,0.033700757,0.027561102,0.024529058,-0.03835051,0.05848546,0.035817448,-0.029304828,0.020691454,0.032095864,0.056299914,0.0197379,0.02627836,-0.015075777,0.0052444004,0.02327317,0.03228119,-0.060782965,-0.019963225,-0.07414727,0.008374771,0.003051593,-0.116306186,-0.06177558,-0.017525211,-0.024837349,-0.044314094,0.053468928,0.0013436712,0.11658027,0.017065655,0.09123584,0.035726644,0.05376047,0.006242051,0.06894595,0.008608076,0.075097665,-0.089298636,-0.040027723,0.060999848,0.017833926,-0.024699468,0.04403042,-0.056041844,0.0101625975,-0.033427633,0.00785848,-0.010203596,0.05250953,0.018709626,-0.020442575,0.047797233,0.0069437698,-0.0044860025,0.017447919,0.030263148,-0.014781196,-0.003483897,-0.002563133,0.023795985,0.049620435,-0.037190944,0.061001338
35,0.02133036,0.03688478,-0.051494017,0.027290313,-0.032605328,0.0006194692,0.03078,-0.08019347,-0.027490098,-0.22191596,-0.032721695,-0.02704067,0.049454138,0.023238052,0.02344517,0.0052727913,0.037014164,-0.006246171,-0.049689364,0.0071693654,0.08037807,0.036709394,-0.04453274,-0.111761525,-0.0044323765,0.09535216,0.13373682,0.0086566685,0.05092477,0.023910988,-0.0037784036,0.049421083,-0.0055385083,-0.015590141,0.086230315,-0.028601516,0.020861454,0.046625614,-0.033471096,0.06907058,-0.0316689,0.07745475,-0.014462368,0.07037954,0.009415686,-0.042311177,0.03726528,0.052459322,0.019555788,0.0142477965,-0.047374003,0.06446646,-0.07554568,0.0052847983,0.021397375,-0.035568252,-0.005240029,-0.035942335,0.020134762,0.050373465,-0.04398042,0.00030053128,-0.015289245,0.0466702
36,0.04495237,0.06522547,0.022700349,0.018521013,0.018163983,-0.0424476,0.0979574,-0.041231714,-0.08771324,-0.057533033,0.061555665,0.018905642,0.0032168496,-0.01219956,-0.048824854,-0.0028510352,-0.0060957316,0.03230959,-0.058247995,0.009144672,0.073686175,-0.065350726,-0.056345347,-0.109600134,-0.0634072,-0.022380207,-0.042550396,0.06530037,0.0053022653,0.055148207,0.0132968575,0.010813648,-0.0052193645,0.07043808,0.049910057,-0.01814077,0.023951534,0.013189041,-0.06664727,-0.010432415,-0.0039792024,0.0009049736,-0.039467424,0.09761801,0.07318366,0.044153485,0.028398829,0.03165801,-0.0035534154,-0.04533313,-0.002763725,-0.02766655,-0.030880064,-0.01915729,0.07929263,0.009164903,0.023602804,0.0051148236,-0.041271105,-0.017347261,0.0030578226,-0.047736336,-0.037839454,0.08724828
37,0.011189658,0.009921007,0.10793346,0.048256733,-0.05079501,-0.022124136,0.10094681,-0.00613764,-0.00805809,0.05502522,0.061896358,0.015168246,-0.016349923,-0.050160713,-0.046921104,-0.011533617,-0.04593068,-0.039752807,0.0023888955,0.03375066,0.035282094,-0.0068196543,-0.08472818,-0.1150327,-0.027385239,0.06175355,-0.007392073,-0.017773934,-0.033343382,-0.029922968,0.012538664,0.053344842,0.018507846,0.040748853,0.01984087,-0.02524354,-0.008813891,0.07483648,0.027688254,-0.07785176,0.015891928,0.046398457,0.074606985,0.08103739,-0.01017388,0.068440855,0.029998966,0.03832348,0.01381883,-0.02808544,0.087479845,0.007764096,-0.036291044,-0.028297883,0.037780747,-0.051499408,-0.025566485,0.051303,0.04735676,0.010508289,0.007919218,-0.018970843,-0.0072148163,0.014503326
38,0.03280235,0.047539003,-0.030816171,-0.02740681,-0.02308691,-0.04126408,-0.046308305,-0.0068934103,-0.067752734,0.007996554,0.09520138,0.018206079,-0.006096739,-0.031647705,-0.05634479,-0.033679392,0.036902495,0.025641503,-0.12072391,0.0015349202,0.038302798,0.012195043,-0.10640768,-0.09960376,0.0075673303,0.014954297,-0.087091886,0.034410268,0.016182348,0.10702115,0.0068323826,0.021077361,0.035102792,0.056353472,0.10622228,-0.032942638,0.049398933,-0.012096573,-0.063338384,0.020985216,0.072435215,0.071077816,0.015767116,0.11895469,0.009349833,-0.01935495,-0.06853723,0.017302807,0.027492711,-0.010723887,0.0049157254,-0.03182995,-0.019870773,-0.034301132,0.028317453,0.038035035,0.03438059,0.006003366,-0.05385375,-0.01164801,-0.043365844,-0.051080458,0.06355876,0.096383154
39,0.055130854,0.018494787,0.013720076,-0.014043166,-0.034373663,0.010466943,0.06882373,-0.0073207747,-0.009604375,-0.07243816,-0.049853448,0.002195593,0.029253578,-0.010790756,-0.022609608,-0.005419608,0.053814225,-0.021240944,-0.04907615,-0.002687538,0.057882264,0.026567146,-0.036845814,0.013230315,-0.045801114,0.043819334,0.017038614,-0.002479042,0.031054346,-0.04574496,0.028614646,0.05641383,0.030977242,0.015028171,0.048454754,-0.063827924,-0.028408166,0.10337818,-0.0843702,0.09239121,0.04574793,0.03196643,0.025686022,0.02301065,0.028861085,-0.045906126,-0.020915959,0.012468003,0.04478942,-0.039741077,0.055092596,0.10546899,-0.06805272,-0.028753828,0.0032607913,-0.03378937,-0.06255892,-0.051674306,-0.049605787,0.0018396536,-0.04037007,-0.056101874,0.022059325,0.037521325
40,0.018359685,-0.011005156,0.023317125,-0.012016728,-0.036849387,-0.023714544,0.074595585,-0.06676717,0.0024772715,-0.060318157,0.051264126,-0.009957228,0.01909025,0.02342504,-0.013326334,-0.045585796,-0.008247661,-0.01334435,-0.030678146,-0.021312408,0.033726852,-0.050352387,-0.07884431,-0.059854925,-0.012696936,-0.0022524176,-0.03460375,0.052594528,-0.013288338,-0.04337158,-0.03138632,0.060308635,-0.01079179,-0.0041481885,0.035783015,-0.0279832,0.009968877,0.062795155,-0.04799009,0.018960154,-0.041008048,0.022100918,0.022752117,0.07141,-0.02029123,0.0014570169,0.039557997,0.029002393,-0.011407474,0.035836216,0.036210533,0.031433746,0.010864841,0.035195455,0.020341694,0.0049798423,0.04478191,0.042562485,-0.0016963976,-0.023366561,0.014152264,-0.012357276,-0.026797438,0.003634315
41,-0.030453432,-0.063481666,0.03587799,-0.07443819,-0.07433946,-0.11921666,0.006573516,-0.05719687,0.038386084,-0.0022195298,0.10606007,-0.016284352,-0.06981686,-0.010418231,0.033665687,0.030150516,0.02562044,0.040691458,-0.029642735,0.023349691,0.07279083,-0.04916861,-0.06347783,-0.17093846,-0.12740713,0.065444574,0.06999974,0.05187748,-0.003074835,-0.023853607,0.01574009,-0.06312418,0.0198934,0.033325713,0.059268933,-0.02364035,-0.013044741,0.12641355,0.03326779,-0.06401572,-0.043859042,0.023880543,0.093135215,0.13515165,-0.11369589,-0.05070708,0.030223433,0.021367496,0.05774526,-0.05929931,0.011511371,-0.07004531,0.03591881,-0.010294994,0.07875973,-0.058456495,-0.019054461,0.047883242,0.03992541,0.0053562922,0.014123923,0.023157623,-0.07980003,0.056530803
42,-0.017720044,0.010496853,0.09567334,-0.04691087,-0.03617859,0.030890893,0.05106986,0.018635165,0.01946323,0.03815336,-0.0025269408,-0.024227004,-0.061842144,-0.011063234,0.01491319,0.028327627,0.017143916,-0.077227354,0.0364969,-0.048554987,-0.00864665,-0.041112304,-0.020901043,-0.04497324,0.022512354,0.04759132,0.06387892,-0.006349514,0.062068705,0.031919643,0.006153118,0.032383323,-0.025167916,-0.03891194,0.05193024,-0.03712104,-0.116774514,0.07179024,0.034908097,-0.022144571,0.024092928,-0.03984029,-0.023610074,-0.0072217137,-0.08523181,-0.024353497,0.030936336,-0.05448464,-0.08894257,-0.020434404,0.061854593,0.027903778,0.005685972,0.02699436,0.08429596,-0.025296643,0.04876608,0.017891845,-0.060686022,-0.019686226,0.03608199,0.053194758,-0.0008432474,-0.06628239
43,0.07418022,0.018878642,-0.039279263,-0.026343271,-0.10747551,-0.018565556,0.019154847,-0.11542916,0.061342534,0.012190162,0.017091751,-0.01382276,-0.030100364,-0.05638303,-0.0023741806,-0.028140495,0.048866685,-0.018225297,-0.062629245,0.0005688919,0.027655661,0.003624821,-0.052565146,-0.019457826,0.01201942,0.068982646,0.060441498,0.025733702,0.051332228,0.03138539,0.05230701,0.096655115,0.049235612,0.056017168,-0.02009464,-0.030158026,0.04927425,0.066237375,-0.08737947,0.029557703,0.024841495,-0.0018658484,0.04468026,0.064847656,0.07690541,0.015998775,0.0016080439,0.03615687,0.040184096,0.07613048,0.012854183,0.097171664,-0.021360813,0.039732188,0.018239077,-0.103927225,-0.05096317,0.03846584,-0.02334329,0.062123694,0.057323657,-0.09294524,-0.015539499,0.0618881
44,-0.0018320153,-0.018310376,0.007257117,-0.008670904,-0.076227136,-0.017970653,0.0088962,-0.04033333,-0.022067491,0.02471417,0.03556282,0.006033454,0.024128484,0.008235645,0.02157203,0.018044101,-0.0022783512,0.0010047806,-0.0026518907,-0.056668855,-0.0042673657,0.019905431,-0.027374538,-0.02644769,-0.03850445,0.023475982,0.06298372,-0.030037582,-0.01853519,0.043260477,-0.009106778,0.06471819,0.039000295,0.0009507681,0.06501916,-0.0016125364,-0.06409632,0.006291111,-0.032579698,0.031605057,0.040139265,0.01745598,0.023267958,0.02952278,-0.058348026,-0.039906345,0.015674619,0.05135238,-0.012456446,-0.0041663535,0.012752518,0.0817083,-0.004592678,0.079658866,-0.026891014,1.2081116e-05,0.018029192,0.0438532,-0.012198859,0.0006328779,0.0032521281,0.010997262,0.04175417,-0.03443652
45,-0.051697552,-0.007075326,-0.0047782324,0.09523605,0.035656825,0.024705784,0.05588344,-0.119620845,-0.021808036,-0.056071118,-0.06508914,0.037184913,0.114236735,-0.09185403,0.01568083,0.009175335,0.050356712,0.0019426076,-0.085793525,0.026625121,-0.013447039,0.03485587,-0.0846176,-0.07739653,-0.016125316,-0.030193035,0.01779008,0.059120648,-0.017904852,0.0075349053,-0.02432877,0.07094188,0.026006687,0.057230674,-0.052316777,0.017681234,0.032633223,0.016911514,-0.05332113,0.0034837811,-0.012104715,0.06666986,0.02587262,0.08025295,0.011129344,0.013909856,0.055597253,0.047169305,0.0028775027,0.081256874,0.039416857,-0.0009597852,0.031108277,-0.03513582,-0.023188025,0.0641502,0.08471224,0.056570858,-0.011702772,0.032616444,-0.06697188,0.016806483,0.033321876,0.13892925
46,0.061727006,0.0156114325,-0.05415783,0.04044407,-0.07405193,-0.009039705,0.057920165,0.04892971,0.102202415,-0.05129741,0.057680294,0.05118327,0.05775719,0.10569258,-0.06003782,-0.06671019,0.046591282,-0.08237935,-0.03889852,-0.0688823,-0.03382957,0.060680684,-0.121149644,-0.06353192,0.0024059564,0.021025985,0.0052046143,0.007683338,0.078530714,-0.03789884,-0.026566844,0.05065679,0.050995037,-0.025111023,0.1131633,0.035630994,0.021532226,0.045931626,-0.06121146,0.068366535,0.063810125,0.12441513,-0.0049353987,0.050165344,0.036964636,0.020826675,-0.01904099,0.05321365,0.082429685,0.020817082,0.024428092,0.035111163,-0.053708676,0.11027017,-0.024615038,0.014344871,-0.010489947,0.07803554,0.07286349,0.031824376,0.053789426,0.021299109,-0.009476483,-0.0018735905
47,0.051106833,0.013070903,-0.07109158,-0.0037338696,-0.05475795,0.0020022988,0.09972573,-0.0070968233,-0.018744929,-0.13893646,-0.008073307,0.037048183,-0.0076619545,0.020764193,0.0043920074,0.045164183,0.07902931,-0.0031844387,-0.07665108,-0.031371865,0.025182012,-0.010674473,-0.04913665,-0.034756064,0.0074746404,0.030658424,0.012661298,-0.0025435109,0.020470718,-0.008384297,-0.0027769385,0.07155266,-0.08550268,0.023907613,0.06226868,-0.04206972,0.0297924,0.12909223,-0.13665073,0.029754119,0.052316718,0.04579158,-0.06357809,-0.011112129,0.024507105,-0.08424705,-0.008098122,0.03740691,0.105122864,-0.009502167,-0.010668092,0.06323212,0.03465432,-0.029769542,-0.0064807665,-0.059251413,-0.0246622,-0.00022346899,-0.020639148,-0.040287517,0.026807623,-0.029033171,0.029650602,0.029102882
48,0.04686903,0.028125094,0.008491261,0.03627623,0.0011885501,-0.051863797,0.07645778,-0.029212832,0.021086458,-0.141375,0.07676582,-0.013846951,0.012829615,0.03849233,-0.03345043,0.04713669,0.0068748556,0.023260301,-0.14723143,0.032995272,0.041145373,0.00908723,-0.0803657,-0.045697723,-0.009322623,0.069045015,0.07795181,0.04827232,0.06432545,0.025128502,0.07168178,0.03853191,-0.00295279,0.005371446,0.14338225,0.03462536,0.03478294,-0.014585149,-0.11153181,-0.020389842,0.062312953,0.02296521,-0.032211024,0.028152544,0.11393743,-0.02362795,-0.034620307,0.07184465,0.07400871,0.027625859,-0.04545904,0.05470806,0.03768447,-0.054349527,0.015977224,-0.053254794,-0.026528008,-0.026221525,-0.025116736,0.03155954,-0.056341857,-0.072989576,0.066188775,0.06924786
49,0.02523385,-0.00783881,-0.013520418,-0.010816245,0.010561734,-0.027503256,0.04017374,-0.053975802,0.09851139,-0.0073354095,0.023258876,0.0017890409,0.053179204,0.030116044,-0.00050182734,0.0007713754,0.068287276,-0.084671035,-0.025584795,-0.05496931,-0.017993672,0.02997484,-0.067796454,0.03308197,0.006026321,-0.002269053,0.07795211,0.049522463,0.075556956,-0.028355889,0.05991566,0.0027713105,-0.020808693,-0.014652372,0.033297915,0.07248379,-0.005992116,0.04457851,-0.08578431,-0.021995265,0.020803131,0.0419622,-0.0051157204,-0.009173791,0.03567446,-0.01443954,0.021408051,0.02408139,0.061859574,0.054181695,0.0044312007,0.0007836898,0.013505866,0.058674704,0.004995711,-0.05140309,0.017513635,-0.0046698884,0.013035914,0.028827602,0.0041561387,-0.045530032,0.017744284,0.031100895
50,-0.04124877,-0.07498117,0.005193266,-0.04503484,0.0045803078,0.056721143,0.022160137,-0.0031024925,0.012852151,-0.0841901,0.05376182,-0.039903224,0.024419615,0.010224586,0.035927832,0.06258479,-0.0019053693,-0.06554875,-0.045925077,-0.053836416,0.05446684,0.021165214,-0.02111997,-0.06768739,-0.08710872,0.07796508,0.06252163,0.018116362,0.053577673,-0.054284703,-0.024053488,0.029565131,-0.039360397,0.007120223,0.03478678,0.017643645,-0.0012969691,0.08723259,-0.03645563,-0.04031776,0.05084475,0.015149355,-0.0007172469,0.023306178,-0.010558152,-0.04481243,0.0052574473,0.007790624,0.05240501,0.0072704265,-0.09323634,0.065315105,0.025627,0.056856517,0.019887976,-0.0289446,0.055689845,-0.022716539,-0.026735667,0.034514718,-0.025109934,0.030201942,0.02743501,-0.0016861223
51,0.0117329005,-0.027637202,0.04915864,0.034322828,-0.045563765,0.032633703,0.048628896,0.03822005,0.046498854,-0.0086243935,-0.027829854,0.008058049,0.037624706,0.008914447,-0.009077643,0.020144084,0.011566794,-0.000509521,-0.033350598,0.047418505,0.031539656,-0.059766807,-0.046643298,-0.054691613,-0.009071145,0.07766274,0.019031895,0.047260325,0.000247607,0.023908371,-0.029194914,0.0041283243,-0.053265955,0.021444626,-0.021465234,0.016094437,-0.05014126,0.0012244112,-0.0029633422,-0.06260412,0.00017230865,0.05379065,-0.009785666,0.07403479,-0.006481344,-0.013319212,0.06075993,-0.007964531,0.017932422,0.03424527,0.073812194,-0.017055724,0.06900234,0.045030843,0.020856103,0.053966023,0.06520624,0.06673351,0.04248899,-0.034153245,0.059235904,0.0015229033,0.021727493,0.048251346
52,-0.036341425,-0.042487565,-0.0052774614,-0.053768944,-0.063150376,-0.033871643,0.07188142,-0.043363985,0.038262658,-0.16368498,-0.013574876,-0.0050604437,-0.047333118,-0.0725894,0.12343095,-0.00615419,0.08640499,-0.0006158482,-0.057780854,-0.06404732,0.04263969,-0.09688794,-0.051109537,-0.09446396,0.02697859,0.014209409,0.013099551,0.00522992,-0.033138186,-0.051647615,-0.105714545,0.084638305,-0.10698194,0.063327834,-0.075970076,-0.102740064,0.0315892,0.10224129,-0.07383473,-0.0098994225,-0.005618453,0.032811522,0.054483242,0.015871784,-0.019173546,-0.04495973,0.011582541,0.022339374,0.02564077,0.12846318,-0.0583011,0.0018347134,0.018157827,-0.07250921,-0.027179562,-0.059568398,-0.020527955,-0.044356037,0.058281176,-0.0007573891,0.04999643,-0.01838055,-0.030777497,0.061631065
53,0.020408418,0.08561574,-0.03996852,-0.015241275,0.009005972,0.0131017435,0.06661453,0.006513396,0.023463972,0.015205018,0.05394361,0.02033893,0.008113265,-0.021092933,-0.008703759,-0.017738115,-0.017105961,-0.04799004,-0.09594056,-0.030084567,-0.047748398,-0.054090768,-0.10702948,-0.04369946,-0.04296481,-0.030460646,0.061702766,-0.009818086,0.035139915,0.035688877,-0.1366,0.04497158,-0.040943265,-0.0152496705,0.06106408,-0.011415412,-0.048302237,0.018899731,-0.057007425,-0.062209178,0.0038216163,0.0520222,0.056056872,0.017972251,-0.029429555,0.024519803,0.065855496,0.039663356,0.037731707,0.026249267,-0.0071119517,-0.0069904653,-0.047111936,0.042668268,0.024024589,0.0006597303,-0.012570108,0.03969182,-0.01654395,-0.0048831943,0.030297648,-0.01526753,0.031788856,0.011381743
54,0.11563368,0.072658226,0.007965207,-0.03534861,-0.05085731,-0.086961806,0.041651815,-0.06128103,-0.033605102,-0.04872251,0.033760205,-0.0006147651,0.021424867,0.024873551,-0.074744344,0.017665073,-0.022315416,0.030014044,-0.08581379,-0.018678058,0.01452674,-0.11532246,-0.11125847,-0.0985398,-0.014573628,0.08357975,0.020168876,-0.0070094718,-0.024415607,0.038225107,0.06887707,0.0778284,-0.011317121,0.025804177,0.069498844,0.004258289,0.040718574,-0.00998248,-0.039083324,0.03836329,-0.0406773,0.027624933,-0.010090409,0.07589613,-0.0043300167,0.006245151,-0.040672474,0.046644747,-0.024689618,-0.06351222,0.07501407,0.03235072,-0.0035781786,-0.033637054,0.030178785,-0.09215754,0.0025098212,0.091956384,0.020620538,-0.0084792655,-0.042684413,0.034544002,0.031931847,0.09926823
55,-0.016191777,0.003396309,0.010000896,0.009053592,0.047535256,0.01578365,0.03996733,-0.026249351,0.05497461,-0.023107806,0.06882022,-0.020665552,-0.022549868,0.009833721,0.032225344,0.07358552,0.024027348,0.0013024732,-0.03212522,0.062138453,0.0051966393,-0.03637219,-0.0138735715,-0.08679636,-0.0139660835,0.06102831,0.11855666,0.021322977,0.06935043,-0.015721574,-0.0036769556,0.021724451,0.042016745,-0.019863395,0.0013458356,0.008687068,0.00039197598,0.008236935,-0.01065023,-0.058574222,-0.0042198757,0.013954562,0.023941036,0.011247542,0.017744891,0.034062702,0.061860494,-0.038159177,0.033072602,0.04173938,-0.025483115,0.0063950475,-0.0038312422,0.0030010003,0.0687404,0.07281854,0.056799274,0.060832042,0.008674687,0.05570302,0.032754183,0.004071744,-0.026322825,0.01654535
56,0.013318985,-0.06178324,0.053229496,0.02005833,-0.04265016,-0.038991548,0.0033974396,0.0024721124,0.020492243,-0.038448945,0.07002336,0.053166773,-0.071545914,0.014610767,-0.02542088,-0.010161655,0.0032934304,-0.07366129,-0.008685548,-0.016725456,0.043234315,-0.057371415,-0.026262073,-0.06595537,-0.04488107,0.0053299787,-0.010601841,0.08373731,0.021979444,-0.011737161,0.048337374,-0.036685914,-0.014333539,0.11149363,0.028423816,0.028951505,0.02693676,0.015103075,-0.0022366699,-0.08063836,0.057427716,0.04395607,0.028005227,0.05238857,0.033887185,-0.03346245,0.022232808,0.052578136,0.031544983,0.059396572,0.039493233,-0.05219676,0.04819897,0.044125095,0.038479757,0.016294198,0.022815652,-0.0055426583,0.11643182,-0.013511863,0.09327683,-0.010609359,0.006405575,0.07928601
57,0.028367799,0.05568541,0.0044243205,0.03429454,0.025878262,0.00974828,0.20023495,0.009793637,-0.02350815,-0.121618114,-0.030888049,0.027636275,0.08606991,0.0026992606,-0.035786442,0.05379621,-0.024230365,-0.027299967,-0.06478294,-0.0067112837,-0.033298835,-0.051320296,-0.07959914,-0.117802024,-0.021819385,0.07639901,0.0014669262,0.0051192082,0.020839209,-0.00025670603,-0.012825049,0.035455354,-0.036052443,0.05973459,-0.016869012,-0.013949372,-0.006542331,0.02517694,-0.103959575,0.028029643,0.02211658,0.081751525,-0.07259461,0.051615857,0.027377572,0.005869055,0.0656534,-0.016018702,0.03501102,0.0037384909,0.0044323653,0.04015834,-0.041335177,-0.01696721,0.012787764,-0.047749538,0.033365965,0.053843915,0.030414848,-0.010723053,-0.0076263403,-0.03365497,0.024632033,0.061705597
58,0.087628394,0.019289669,-0.032013047,0.011306059,0.040388383,-0.063441925,0.009430398,0.041330706,0.09400156,-0.053615585,0.008993272,0.035879415,0.08496874,0.04792443,-0.008982649,-0.02178562,-0.037980214,-0.105327286,-0.070652016,-0.08193079,0.059570067,-0.0918748,-0.13827716,-0.08808908,0.06592214,-0.011099139,-0.009183377,0.05310474,0.09711121,0.034872923,-0.050398156,0.04544854,-0.024673253,0.0058098296,0.03998721,0.0034195464,-0.027746897,-0.04470203,-0.017897373,0.017789219,-0.06843033,0.13034973,-0.01260785,0.032712426,-0.028625939,-0.07201259,-0.03441398,0.046184994,0.048559967,0.052479506,0.043692026,-0.02258897,0.02892819,-0.00553218,-0.028512713,0.050245374,0.007225904,0.06013787,0.060733,-0.0037642755,0.03514419,0.0066014696,0.0036705658,0.089471295
59,-0.029265074,0.022536846,0.012302251,-0.0014704294,-0.031539768,0.0019346343,0.058935564,-0.036138315,-0.054580025,-0.026727352,0.029769577,0.0026560212,0.09192623,0.045618497,0.027446914,0.0196328,0.0052696695,-0.009113276,-0.0103108585,-0.09444605,0.05039994,-0.02570943,-0.10587945,-0.109418675,-0.049784135,0.07683916,0.07898986,0.00085092755,0.06476866,0.079414,-0.042805422,0.06913769,-0.06110241,0.0057210363,0.04066188,0.06856206,-0.02078385,0.012317929,-0.015940206,-0.044243656,0.07914521,0.056019247,0.029452056,0.1002485,0.018451037,0.011575802,0.006044194,0.03679031,-0.02504963,-0.032336757,-0.03335793,0.078160696,-0.07680472,0.10480199,0.04901594,-0.051280327,-0.04289425,-0.037144102,-0.02807134,0.024473986,0.036113616,-0.0022775633,0.041846827,0.018775253
60,-0.02870741,-0.11038457,0.04136597,-0.045932338,-0.019937567,-0.032473385,0.023690399,0.07870958,0.047150515,-0.07475539,-0.02039234,0.014172502,-0.019310271,-0.042901408,0.072769485,-0.053047452,0.0629697,-0.064488225,-0.010549435,-0.052775245,-0.022605345,-0.04839128,-0.1645167,-0.11466646,-0.04413062,0.0059953686,-0.012990256,0.014953762,0.09965506,0.0031280722,-0.07167876,-0.008851613,-0.07844748,0.017774926,0.02662791,-0.04581264,-0.03676969,0.08172743,-0.012589011,-0.029479379,0.050727043,0.06289539,0.036088914,0.023323152,-0.12381051,-0.10307652,-0.06650878,0.041878507,-0.022175128,0.05248387,0.011836339,0.049445894,-0.051853266,-0.03137038,-0.02018103,-0.13792475,-0.04768556,-0.098628394,0.0763477,-0.04808511,-0.018238809,0.018723506,0.04613553,0.06336236
61,0.018019604,-0.019422036,-0.009713601,0.010578305,-0.04434797,0.057368435,0.0411867,-0.093478024,-0.011218198,0.042286925,0.0068162857,0.044128973,-0.037463415,-0.009481076,0.04932806,-0.022754716,0.041474916,-0.024227325,0.011374172,0.057613872,-0.0039089518,-0.016954813,-0.026390683,-0.06840065,-0.038881846,0.054545447,8.921977e-05,0.06777269,0.0014507838,-0.035114527,0.060478,-0.018071301,0.050474465,0.070698544,-0.038007636,-0.012909529,0.051051594,-0.016785514,-0.07203014,-0.042915598,-0.0333711,-0.0081024105,0.019632079,0.019794304,0.054578833,0.00012140209,0.04843166,-0.060945883,-0.020161461,0.07600939,0.05810241,-0.0060985195,0.022149527,0.06550296,-0.024749406,0.0007652766,0.049677156,0.052656267,-0.008780742,-0.0064608715,-0.007204234,-0.05720777,-0.05048519,0.03672601
62,0.016046114,0.02668104,-0.04079614,0.052685305,-0.066333525,-0.07013424,0.026814157,0.043249242,0.013079159,-0.089722864,0.06346751,-0.0003742103,-0.0037678992,0.023448255,-0.016857496,-0.0081397705,0.0776501,0.03799164,-0.059801172,-0.04821366,0.050236464,-0.031075088,-0.05097236,-0.076902814,0.019854609,-0.008265891,-0.019619804,0.02271272,-0.0024333792,0.019230219,0.023688534,0.07745499,-0.0803517,0.05229163,0.10743881,0.01613536,0.025684545,0.08364622,-0.093948744,-0.060686678,0.05219444,0.081841834,-0.014605254,0.08052666,0.06826695,-0.0045504756,-0.03134377,0.07832195,0.08275677,0.04756372,0.021787927,-0.040187523,0.054836243,-0.017745938,0.002411425,-0.018438313,-0.07443442,0.029757116,0.037038125,0.012388362,0.064150386,0.0033780253,0.050591297,0.0745947
63,-0.023446728,-0.024357311,0.009440742,-0.018626044,-0.08854672,0.05344669,0.042532984,-0.046319403,0.0061766827,0.05119492,0.00294793,-0.027398832,0.020001661,0.0076631876,-0.004388133,-0.009798212,0.020158734,-0.016296223,-0.020413557,-0.064028494,0.06309642,-0.030616902,-0.038069755,-0.056270413,-0.053477004,0.036305744,-0.02076325,0.029981982,-0.011221491,0.056672495,-0.0060470607,0.09527241,0.12617438,0.048852585,0.04111888,0.006930016,-0.0452188,0.094847426,-0.050903294,0.0009782049,0.082594536,0.01906446,0.008289594,0.015483184,-0.024071343,-0.051043913,-0.04461424,-0.013229752,0.07153675,0.08314817,0.004925672,0.08946956,-0.014539709,0.004360229,-0.0006546611,-0.009141858,-0.018199919,-0.04541295,-0.079049386,0.016520571,0.031378336,-0.012284232,0.024417242,-0.021399956
